Workbook

Sheet Petunjuk_AppsScript
B2: PANDUAN INTEGRASI GOOGLE SHEETS & APPS SCRIPT
B3: Langkah-langkah menjadikan Google Sheets ini sebagai REST API / Database Backend
B5: Langkah Terapkan (Deployment):
B6: No | C6: Langkah | D6: Instruksi Detail
B7: 1 | C7: Buka Google Sheets | D7: Buat Spreadsheet baru di Google Drive, lalu Impor/Upload file Excel ini ke Google Sheets.
B8: 2 | C8: Buka Apps Script | D8: Klik menu 'Ekstensi' (Extensions) -> pilih 'Apps Script'.
B9: 3 | C9: Salin Code | D9: Hapus semua isi di editor, lalu salin (copy-paste) kode Apps Script yang ada di sheet 'Kode_AppsScript'.
B10: 4 | C10: Simpan Script | D10: Klik ikon Simpan (Save) atau tekan Ctrl+S.
B11: 5 | C11: Deploy Web App | D11: Klik tombol 'Terapkan' (Deploy) di kanan atas -> pilih 'Penerapan baru' (New deployment).
B12: 6 | C12: Pengaturan Penerapan | D12: Pilih jenis: 'Aplikasi web' (Web app). Deskripsi: 'API Rekap Pengadaan' Jalankan sebagai: 'Saya' (Me) Yang memiliki akses: 'Siapa saja' (Anyone).
B13: 7 | C13: Otorisasi Akses | D13: Klik 'Terapkan' (Deploy), berikan izin akses (Authorize access) menggunakan akun Google Anda.
B14: 8 | C14: Dapatkan URL API | D14: Salin URL Aplikasi Web (Web App URL) yang dihasilkan. Gunakan URL tersebut pada Javascript frontend Anda!

Sheet ref_kabkota
B2: TABEL MASTER: KABUPATEN / KOTA (ref_kabkota)
B4: id_kabkota | C4: nama_kabkota | D4: kode_wilayah
B5: 1 | C5: Pangkalpinang | D5: 19.71
B6: 2 | C6: Bangka | D6: 19.01
B7: 3 | C7: Bangka Selatan | D7: 19.03
B8: 4 | C8: Bangka Tengah | D8: 19.04
B9: 5 | C9: Belitung | D9: 19.02
B10: 6 | C10: Belitung Timur | D10: 19.06
B11: 7 | C11: Bangka Barat | D11: 19.05

Sheet ref_jenis_pengadaan
B2: TABEL MASTER: JENIS PENGADAAN (ref_jenis_pengadaan)
B4: id_jenis | C4: nama_jenis | D4: keterangan
B5: 1 | C5: Barang | D5: Pengadaan aset, material, komputer, ATK, dll
B6: 2 | C6: Jasa | D6: Jasa kebersihan, keamanan, sewa, dll
B7: 3 | C7: Konstruksi | D7: Pekerjaan fisik pembangunan, pemeliharaan gedung/jalan
B8: 4 | C8: Jasa Konsultansi | D8: Jasa keahliahn, perancangan, pengawasan, studi

Sheet ref_status
B2: TABEL MASTER: STATUS PENGADAAN (ref_status)
B4: id_status | C4: nama_status | D4: warna_badge
B5: 1 | C5: Selesai | D5: success
B6: 2 | C6: Berjalan | D6: warning
B7: 3 | C7: Dibatalkan | D7: danger
B8: 4 | C8: Persiapan | D8: info

Sheet ref_tahun_anggaran
B2: TABEL MASTER: TAHUN ANGGARAN (ref_tahun_anggaran)
B4: id_tahun | C4: tahun | D4: is_active
B5: 1 | C5: 2024 | D5: T
B6: 2 | C6: 2025 | D6: T
B7: 3 | C7: 2026 | D7: Y

Sheet trx_pengadaan
B2: TABEL TRANSAKSI: REKAP PENGADAAN (trx_pengadaan)
B3: Data transaksi pengadaan yang terelasi secara otomatis dengan tabel ref
B4: id_pengadaan | C4: kode_paket | D4: nama_paket | E4: id_kabkota | F4: nama_kabkota | G4: id_jenis | H4: nama_jenis | I4: id_status | J4: nama_status | K4: id_tahun | L4: tahun | M4: nilai_kontrak
B5: 1 | C5: PKG-2026-001 | D5: Pengadaan Komputer dan Supplies | E5: 1 | F5: =VLOOKUP(E5, ref_kabkota!B$5:C$11, 2, FALSE) | G5: 1 | H5: =VLOOKUP(G5, ref_jenis_pengadaan!B$5:C$8, 2, FALSE) | I5: 1 | J5: =VLOOKUP(I5, ref_status!B$5:C$8, 2, FALSE) | K5: 3 | L5: =VLOOKUP(K5, ref_tahun_anggaran!B$5:C$7, 2, FALSE) | M5: 78440000
B6: 2 | C6: PKG-2026-002 | D6: Pengadaan ATK Perkantoran | E6: 2 | F6: =VLOOKUP(E6, ref_kabkota!B$5:C$11, 2, FALSE) | G6: 1 | H6: =VLOOKUP(G6, ref_jenis_pengadaan!B$5:C$8, 2, FALSE) | I6: 1 | J6: =VLOOKUP(I6, ref_status!B$5:C$8, 2, FALSE) | K6: 3 | L6: =VLOOKUP(K6, ref_tahun_anggaran!B$5:C$7, 2, FALSE) | M6: 42500000
B7: 3 | C7: PKG-2026-003 | D7: Jasa Keamanan Gedung | E7: 3 | F7: =VLOOKUP(E7, ref_kabkota!B$5:C$11, 2, FALSE) | G7: 2 | H7: =VLOOKUP(G7, ref_jenis_pengadaan!B$5:C$8, 2, FALSE) | I7: 2 | J7: =VLOOKUP(I7, ref_status!B$5:C$8, 2, FALSE) | K7: 3 | L7: =VLOOKUP(K7, ref_tahun_anggaran!B$5:C$7, 2, FALSE) | M7: 185000000
B8: 4 | C8: PKG-2026-004 | D8: Pemeliharaan Gedung Kantor | E8: 4 | F8: =VLOOKUP(E8, ref_kabkota!B$5:C$11, 2, FALSE) | G8: 3 | H8: =VLOOKUP(G8, ref_jenis_pengadaan!B$5:C$8, 2, FALSE) | I8: 1 | J8: =VLOOKUP(I8, ref_status!B$5:C$8, 2, FALSE) | K8: 3 | L8: =VLOOKUP(K8, ref_tahun_anggaran!B$5:C$7, 2, FALSE) | M8: 225000000
B9: 5 | C9: PKG-2026-005 | D9: Jasa Konsultansi Perencanaan | E9: 5 | F9: =VLOOKUP(E9, ref_kabkota!B$5:C$11, 2, FALSE) | G9: 4 | H9: =VLOOKUP(G9, ref_jenis_pengadaan!B$5:C$8, 2, FALSE) | I9: 2 | J9: =VLOOKUP(I9, ref_status!B$5:C$8, 2, FALSE) | K9: 3 | L9: =VLOOKUP(K9, ref_tahun_anggaran!B$5:C$7, 2, FALSE) | M9: 95000000
B10: 6 | C10: PKG-2026-006 | D10: Pengadaan Printer dan Perlengkapan | E10: 6 | F10: =VLOOKUP(E10, ref_kabkota!B$5:C$11, 2, FALSE) | G10: 1 | H10: =VLOOKUP(G10, ref_jenis_pengadaan!B$5:C$8, 2, FALSE) | I10: 1 | J10: =VLOOKUP(I10, ref_status!B$5:C$8, 2, FALSE) | K10: 3 | L10: =VLOOKUP(K10, ref_tahun_anggaran!B$5:C$7, 2, FALSE) | M10: 38500000
B11: 7 | C11: PKG-2026-007 | D11: Jasa Cleaning Service | E11: 7 | F11: =VLOOKUP(E11, ref_kabkota!B$5:C$11, 2, FALSE) | G11: 2 | H11: =VLOOKUP(G11, ref_jenis_pengadaan!B$5:C$8, 2, FALSE) | I11: 2 | J11: =VLOOKUP(I11, ref_status!B$5:C$8, 2, FALSE) | K11: 3 | L11: =VLOOKUP(K11, ref_tahun_anggaran!B$5:C$7, 2, FALSE) | M11: 120000000
B12: 8 | C12: PKG-2026-008 | D12: Pengadaan CCTV dan Perangkat Keamanan | E12: 1 | F12: =VLOOKUP(E12, ref_kabkota!B$5:C$11, 2, FALSE) | G12: 1 | H12: =VLOOKUP(G12, ref_jenis_pengadaan!B$5:C$8, 2, FALSE) | I12: 1 | J12: =VLOOKUP(I12, ref_status!B$5:C$8, 2, FALSE) | K12: 3 | L12: =VLOOKUP(K12, ref_tahun_anggaran!B$5:C$7, 2, FALSE) | M12: 67500000
B13: 9 | C13: PKG-2026-009 | D13: Pemeliharaan Jaringan Listrik | E13: 2 | F13: =VLOOKUP(E13, ref_kabkota!B$5:C$11, 2, FALSE) | G13: 3 | H13: =VLOOKUP(G13, ref_jenis_pengadaan!B$5:C$8, 2, FALSE) | I13: 2 | J13: =VLOOKUP(I13, ref_status!B$5:C$8, 2, FALSE) | K13: 3 | L13: =VLOOKUP(K13, ref_tahun_anggaran!B$5:C$7, 2, FALSE) | M13: 143000000
B14: 10 | C14: PKG-2026-010 | D14: Pengadaan Meja dan Kursi | E14: 3 | F14: =VLOOKUP(E14, ref_kabkota!B$5:C$11, 2, FALSE) | G14: 1 | H14: =VLOOKUP(G14, ref_jenis_pengadaan!B$5:C$8, 2, FALSE) | I14: 1 | J14: =VLOOKUP(I14, ref_status!B$5:C$8, 2, FALSE) | K14: 3 | L14: =VLOOKUP(K14, ref_tahun_anggaran!B$5:C$7, 2, FALSE) | M14: 88000000
B15: TOTAL | M15: =SUM(M5:M14)

Sheet Kode_AppsScript
B2: KODE APPS SCRIPT (Google Apps Script Backend)
B3: Copy seluruh kode di bawah ini ke menu Ekstensi > Apps Script di Google Sheets Anda
B5: // ===========================================================
B6: // GOOGLE APPS SCRIPT BACKEND FOR REKAP PENGADAAN API
B7: // ===========================================================
B9: function doGet(e) {
B10: var ss = SpreadsheetApp.getActiveSpreadsheet();
B11: var sheet = ss.getSheetByName('trx_pengadaan');
B12: var data = sheet.getDataRange().getValues();
B14: // Baris 4 adalah header, data dimulai baris 5 (indeks 4)
B15: var headers = data[3];
B16: var rows = data.slice(4);
... B80: }
